{
"meta":{"test_sets":[],"test_metrics":[],"learn_metrics":[{"best_value":"Min","name":"Logloss"}],"launch_mode":"Train","parameters":"","iteration_count":200,"learn_sets":["learn"],"name":"experiment"},
"iterations":[
{"learn":[0.6467019821],"iteration":0,"passed_time":0.02694513338,"remaining_time":5.362081543},
{"learn":[0.6040602742],"iteration":1,"passed_time":0.05184315106,"remaining_time":5.132471955},
{"learn":[0.5674081934],"iteration":2,"passed_time":0.09778397911,"remaining_time":6.42114796,
,
{"learn":[0.5363256139],"iteration":3,"passed_time":0.1272420557,"remaining_time":6.23486073,
,
{"learn":[0.5091731762],"iteration":4,"passed_time":0.1589611704,"remaining_time":6.19948564,
,
{"learn":[0.4843297987],"iteration":5,"passed_time":0.1935897024,"remaining_time":6.25940037,
,
{"learn":[0.4624337842],"iteration":6,"passed_time":0.2253292996,"remaining_time":6.2126506,
{,
{"learn":[0.4450388547],"iteration":7,"passed_time":0.2620317355,"remaining_time":6.288761653},
{"learn":[0.4295835434],"iteration":8,"passed_time":0.296930415,"remaining_time":6.301523253},
{"learn":[0.4157205558],"iteration":9,"passed_time":0.3327884026,"remaining_time":6.32297965},
{"learn":[0.4043272478],"iteration":10,"passed_time":0.3643258617,"remaining_time":6.259780714},
{"learn":[0.3945784244],"iteration":11,"passed_time":0.3976186519,"remaining_time":6.22935888},
{"learn":[0.3853377753],"iteration":12,"passed_time":0.4276052559,"remaining_time":6.150937142},
{"learn":[0.3766355234],"iteration":13,"passed_time":0.4597268864,"remaining_time":6.107800062},
{"learn":[0.3692906345],"iteration":14,"passed_time":0.4899575,"remaining_time":6.042809166},
{"learn":[0.3633275619],"iteration":15,"passed_time":0.5224921383,"remaining_time":6.008659591},
{"learn":[0.3579414365],"iteration":16,"passed_time":0.5563649864,"remaining_time":5.989105442},
{"learn":[0.3526577117],"iteration":17,"passed_time":0.5876700855,"remaining_time":5.941997531},
{"learn":[0.3475728726],"iteration":18,"passed_time":0.6276834089,"remaining_time":5.979510369},
{"learn":[0.3433129303],"iteration":19,"passed_time":0.6624330392,"remaining_time":5.961897352},
{"learn":[0.3398136755],"iteration":20,"passed_time":0.6987906831,"remaining_time":5.95635868},
{"learn":[0.3362492906],"iteration":21,"passed_time":0.7329496371,"remaining_time":5.930228882},
{"learn":[0.3333635914],"iteration":22,"passed_time":0.7623381161,"remaining_time":5.86668898},
{"learn":[0.3304135483],"iteration":23,"passed_time":0.80032708,"remaining_time":5.869065253},
{"learn":[0.3278863762],"iteration":24,"passed_time":0.8320725555,"remaining_time":5.824507888},
{"learn":[0.3255849428],"iteration":25,"passed_time":0.8655035322,"remaining_time":5.792215946},
{"learn":[0.3236618514],"iteration":26,"passed_time":0.8995751925,"remaining_time":5.763944752},
{"learn":[0.3217487179],"iteration":27,"passed_time":0.9357514041,"remaining_time":5.748187196},
{"learn":[0.3202483559],"iteration":28,"passed_time":0.9668859832,"remaining_time":5.701293211},
{"learn":[0.3188744299],"iteration":29,"passed_time":1.002313859,"remaining_time":5.679778533},
{"learn":[0.3177425828],"iteration":30,"passed_time":1.039111344,"remaining_time":5.664832808},
{"learn":[0.3164915896],"iteration":31,"passed_time":1.073570629,"remaining_time":5.636245801},
{"learn":[0.3154705799],"iteration":32,"passed_time":1.110161872,"remaining_time":5.618091899},
{"learn":[0.3145612304],"iteration":33,"passed_time":1.141870559,"remaining_time":5.575015083},
{"learn":[0.3137019464],"iteration":34,"passed_time":1.173412755,"remaining_time":5.53180299},
{"learn":[0.3127610172],"iteration":35,"passed_time":1.20166962,"remaining_time":5.474272714},
{"learn":[0.3120858825],"iteration":36,"passed_time":1.235786125,"remaining_time":5.444138876},
{"learn":[0.3113122639],"iteration":37,"passed_time":1.268581867,"remaining_time":5.4081648},
{"learn":[0.3106433044],"iteration":38,"passed_time":1.302214292,"remaining_time":5.37580772},
{"learn":[0.3099545035],"iteration":39,"passed_time":1.334889863,"remaining_time":5.339559452},
{"learn":[0.3094097992],"iteration":40,"passed_time":1.364836173,"remaining_time":5.292901258},
{"learn":[0.3089110161],"iteration":41,"passed_time":1.406201705,"remaining_time":5.289996889},
{"learn":[0.3083265009],"iteration":42,"passed_time":1.436214552,"remaining_time":5.243853133},
{"learn":[0.3077866945],"iteration":43,"passed_time":1.477241965,"remaining_time":5.237494238},
{"learn":[0.3073565047],"iteration":44,"passed_time":1.503604928,"remaining_time":5.179083641},
{"learn":[0.3069413397],"iteration":45,"passed_time":1.530759362,"remaining_time":5.124716126},
{"learn":[0.3065771372],"iteration":46,"passed_time":1.563493902,"remaining_time":5.089671639},
{"learn":[0.3061840103],"iteration":47,"passed_time":1.59670202,"remaining_time":5.056223063},
{"learn":[0.3059056891],"iteration":48,"passed_time":1.626842286,"remaining_time":5.013330311},
{"learn":[0.3056108949],"iteration":49,"passed_time":1.662747575,"remaining_time":4.988242725},
{"learn":[0.3053996033],"iteration":50,"passed_time":1.695945968,"remaining_time":4.954822535},
{"learn":[0.3050671059],"iteration":51,"passed_time":1.725489179,"remaining_time":4.911007662},
{"learn":[0.3047439064],"iteration":52,"passed_time":1.779121786,"remaining_time":4.934545331},
{"learn":[0.3044865871],"iteration":53,"passed_time":1.828530176,"remaining_time":4.943803808},
{"learn":[0.3042617563],"iteration":54,"passed_time":1.856334088,"remaining_time":4.893971685},
{"learn":[0.3041040911],"iteration":55,"passed_time":1.883562902,"remaining_time":4.843447461},
{"learn":[0.3039334794],"iteration":56,"passed_time":1.90972895,"remaining_time":4.791074383},
{"learn":[0.3037183648],"iteration":57,"passed_time":1.935252552,"remaining_time":4.738032111},
{"learn":[0.3035327459],"iteration":58,"passed_time":1.966242558,"remaining_time":4.698986451},
{"learn":[0.3034153662],"iteration":59,"passed_time":2.010866746,"remaining_time":4.692022408},
{"learn":[0.3032245841],"iteration":60,"passed_time":2.043329585,"remaining_time":4.656111677},
{"learn":[0.3030908135],"iteration":61,"passed_time":2.073473306,"remaining_time":4.615150261},
{"learn":[0.3029721144],"iteration":62,"passed_time":2.101896915,"remaining_time":4.570791704},
{"learn":[0.3028643981],"iteration":63,"passed_time":2.125878705,"remaining_time":4.517492249},
{"learn":[0.3027736379],"iteration":64,"passed_time":2.152678181,"remaining_time":4.47094699},
{"learn":[0.3026243039],"iteration":65,"passed_time":2.177763135,"remaining_time":4.421519092},
{"learn":[0.3025021748],"iteration":66,"passed_time":2.205216024,"remaining_time":4.377518375},
{"learn":[0.302396538],"iteration":67,"passed_time":2.231110067,"remaining_time":4.330978366},
{"learn":[0.3022803372],"iteration":68,"passed_time":2.257613754,"remaining_time":4.286194228},
{"learn":[0.3021780137],"iteration":69,"passed_time":2.285212773,"remaining_time":4.243966578},
{"learn":[0.3020989126],"iteration":70,"passed_time":2.310932192,"remaining_time":4.198735955},
{"learn":[0.3019889647],"iteration":71,"passed_time":2.335994192,"remaining_time":4.152878563},
{"learn":[0.3018810213],"iteration":72,"passed_time":2.364390521,"remaining_time":4.113391728},
{"learn":[0.3017742526],"iteration":73,"passed_time":2.388870745,"remaining_time":4.067536674},
{"learn":[0.301715633],"iteration":74,"passed_time":2.415279613,"remaining_time":4.025466022},
{"learn":[0.3015850947],"iteration":75,"passed_time":2.439051454,"remaining_time":3.979505005},
{"learn":[0.3014965032],"iteration":76,"passed_time":2.465164858,"remaining_time":3.937860747},
{"learn":[0.3014199079],"iteration":77,"passed_time":2.492044847,"remaining_time":3.897813734},
{"learn":[0.3013421685],"iteration":78,"passed_time":2.521027836,"remaining_time":3.861321116},
{"learn":[0.3012557332],"iteration":79,"passed_time":2.548292804,"remaining_time":3.822439205},
{"learn":[0.3011957542],"iteration":80,"passed_time":2.571762185,"remaining_time":3.778267901},
{"learn":[0.3011165789],"iteration":81,"passed_time":2.601050463,"remaining_time":3.742975057},
{"learn":[0.3010607795],"iteration":82,"passed_time":2.626992309,"remaining_time":3.703109641},
{"learn":[0.3009936439],"iteration":83,"passed_time":2.652802391,"remaining_time":3.663393777},
{"learn":[0.300902511],"iteration":84,"passed_time":2.683152973,"remaining_time":3.630148139},
{"learn":[0.3008278558],"iteration":85,"passed_time":2.714676283,"remaining_time":3.598524376},
{"learn":[0.300767409],"iteration":86,"passed_time":2.740437317,"remaining_time":3.559418584},
{"learn":[0.300700805],"iteration":87,"passed_time":2.76572438,"remaining_time":3.520012848},
{"learn":[0.3006544341],"iteration":88,"passed_time":2.791647174,"remaining_time":3.481717262},
{"learn":[0.3005839834],"iteration":89,"passed_time":2.819382157,"remaining_time":3.445911525},
{"learn":[0.3005338912],"iteration":90,"passed_time":2.848182107,"remaining_time":3.411558787},
{"learn":[0.3004731508],"iteration":91,"passed_time":2.875891322,"remaining_time":3.376046335},
{"learn":[0.300396452],"iteration":92,"passed_time":2.903867062,"remaining_time":3.34100834},
{"learn":[0.3003385946],"iteration":93,"passed_time":2.929602826,"remaining_time":3.303594676},
{"learn":[0.3002998223],"iteration":94,"passed_time":2.956274956,"remaining_time":3.267461794},
{"learn":[0.3002525419],"iteration":95,"passed_time":2.981194008,"remaining_time":3.229626842},
{"learn":[0.3001987498],"iteration":96,"passed_time":3.009386555,"remaining_time":3.195534177},
{"learn":[0.3001495339],"iteration":97,"passed_time":3.039615991,"remaining_time":3.16368195},
{"learn":[0.3000822733],"iteration":98,"passed_time":3.065412435,"remaining_time":3.127339959},
{"learn":[0.3000508108],"iteration":99,"passed_time":3.089610455,"remaining_time":3.089610455},
{"learn":[0.2999851286],"iteration":100,"passed_time":3.122083283,"remaining_time":3.060259852},
{"learn":[0.2999411461],"iteration":101,"passed_time":3.147397022,"remaining_time":3.023969688},
{"learn":[0.2998922214],"iteration":102,"passed_time":3.171641088,"remaining_time":2.986885296},
{"learn":[0.2998339377],"iteration":103,"passed_time":3.194408875,"remaining_time":2.948685116},
{"learn":[0.299782065],"iteration":104,"passed_time":3.219076194,"remaining_time":2.912497509},
{"learn":[0.299722912],"iteration":105,"passed_time":3.247152427,"remaining_time":2.879550266},
{"learn":[0.2996435736],"iteration":106,"passed_time":3.274700192,"remaining_time":2.846234746},
{"learn":[0.2996059955],"iteration":107,"passed_time":3.305597037,"remaining_time":2.815878958},
{"learn":[0.2995764073],"iteration":108,"passed_time":3.333324126,"remaining_time":2.782866931},
{"learn":[0.2995388815],"iteration":109,"passed_time":3.361048231,"remaining_time":2.749948553},
{"learn":[0.2995017264],"iteration":110,"passed_time":3.386922014,"remaining_time":2.715640173},
{"learn":[0.2994488553],"iteration":111,"passed_time":3.415246304,"remaining_time":2.68340781},
{"learn":[0.299413269],"iteration":112,"passed_time":3.440000794,"remaining_time":2.648496186},
{"learn":[0.2993784894],"iteration":113,"passed_time":3.466017017,"remaining_time":2.614714592},
{"learn":[0.2993297625],"iteration":114,"passed_time":3.490302536,"remaining_time":2.579788831},
{"learn":[0.2992837414],"iteration":115,"passed_time":3.515975322,"remaining_time":2.546051095},
{"learn":[0.2992468684],"iteration":116,"passed_time":3.543680722,"remaining_time":2.513893162},
{"learn":[0.2992281742],"iteration":117,"passed_time":3.569917816,"remaining_time":2.480790347},
{"learn":[0.2991775085],"iteration":118,"passed_time":3.595878767,"remaining_time":2.447614959},
{"learn":[0.2991355227],"iteration":119,"passed_time":3.622535276,"remaining_time":2.415023517},
{"learn":[0.2991023185],"iteration":120,"passed_time":3.651715374,"remaining_time":2.384177806},
{"learn":[0.2990626797],"iteration":121,"passed_time":3.68435611,"remaining_time":2.355571939},
{"learn":[0.299030025],"iteration":122,"passed_time":3.713108582,"remaining_time":2.324466348},
{"learn":[0.2989875943],"iteration":123,"passed_time":3.737716735,"remaining_time":2.290858644},
{"learn":[0.2989464368],"iteration":124,"passed_time":3.763623424,"remaining_time":2.258174054},
{"learn":[0.2989153307],"iteration":125,"passed_time":3.790996038,"remaining_time":2.226457991},
{"learn":[0.2988708734],"iteration":126,"passed_time":3.817646496,"remaining_time":2.19439523},
{"learn":[0.2988295913],"iteration":127,"passed_time":3.845534428,"remaining_time":2.163113116},
{"learn":[0.2987862331],"iteration":128,"passed_time":3.873768235,"remaining_time":2.13207399},
{"learn":[0.2987575072],"iteration":129,"passed_time":3.897990945,"remaining_time":2.098918201},
{"learn":[0.2987131207],"iteration":130,"passed_time":3.924980977,"remaining_time":2.067356392},
{"learn":[0.2986836365],"iteration":131,"passed_time":3.95218461,"remaining_time":2.03597389},
{"learn":[0.2986325948],"iteration":132,"passed_time":3.97803604,"remaining_time":2.003973042},
{"learn":[0.2985930819],"iteration":133,"passed_time":4.002783395,"remaining_time":1.971520179},
{"learn":[0.298536605],"iteration":134,"passed_time":4.02615296,"remaining_time":1.938518092},
{"learn":[0.2984938539],"iteration":135,"passed_time":4.053186854,"remaining_time":1.907382049},
{"learn":[0.2984647518],"iteration":136,"passed_time":4.07,
{"learn":[0.3002858236],"iteration",
{"learn":[0.2984372103],"iteration":137,"passed_time":4.1,
{"learn":[0.3002615706],"iteration",
{"learn":[0.2984032613],"iteration":138,"passed_time":4.13,
{"learn":[0.3002165591],"iteration",
{"learn":[0.2983814093],"iteration":139,"passed_time":4.159387763,"remaining_time":1.782594755},
{"learn":[0.2983522097],"iteration":140,"passed_time":4.1,
{"learn":[0.300135643],"iteration":1,
{"learn":[0.2982909052],"iteration":141,"passed_time":4.,
{"learn":[0.3000979348],"iteration":1,
{"learn":[0.2982536167],"iteration":142,"passed_time":4.,
{"learn":[0.3000673851],"iteration":1,
{"learn":[0.2982361831],"iteration":143,"passed_time":4.,
{"learn":[0.3000346036],"iteration":1,
{"learn":[0.2981971651],"iteration":144,"passed_time":4.,
{"learn":[0.3000030262],"iteration":1,
{"learn":[0.2981665187],"iteration":145,"passed_time":4.,
{"learn":[0.2999758752],"iteration":,
{"learn":[0.298146066],"iteration":146,"passed_time":4.34,
{"learn":[0.2999478537],"iteration",
{"learn":[0.2981066359],"iteration":147,"passed_time":4.36,
{"learn":[0.2999158337],"iteration",
{"learn":[0.2980564325],"iteration":148,"passed_time":4.3,
{"learn":[0.2998839653],"iteration":,
{"learn":[0.2980053538],"iteration":149,"passed_time":4.4,
{"learn":[0.2998576051],"iteration":150,"passed_time":6.001627766,"remaining_time":1.947548083},
{"learn":[0.2998136241],"iteration":,
{"learn":[0.297947605],"iteration":151,"passed_time":4.47,
{"learn":[0.2997909151],"iteration":152,"passed_time":6.056808952,"remaining_time":1.860588371},
{"learn":[0.2997481569],"iteration":153,"passed_time":6.08661274,"remaining_time":1.81807913},
{"learn":[0.2997250561],"iteration":154,"passed_time":6.113678861,"remaining_time":1.774939024},
{"learn":[0.2996987586],"iteration":155,"passed_time":6.140373419,"remaining_time":1.731900195},
{"learn":[0.2996649795],"iteration":156,"passed_time":6.166386172,"remaining_time":1.688882837},
{"learn":[0.299629016],"iteration":157,"passed_time":6.195012266,"remaining_time":1.646775413},
{"learn":[0.2995886291],"iteration":158,"passed_time":6.223755825,"remaining_time":1.604867854},
{"learn":[0.2995432677],"iteration":159,"passed_time":6.261623675,"remaining_time":1.565405919},
{"learn":[0.2995050006],"iteration":160,"passed_time":6.293874274,"remaining_time":1.524603085},
{"learn":[0.2994826705],"iteration":161,"passed_time":6.32121215,"remaining_time":1.482753467},
{"learn":[0.2994649394],"iteration":162,"passed_time":6.350838618,"remaining_time":1.441601404},
{"learn":[0.2994402885],"iteration":163,"passed_time":6.377798675,"remaining_time":1.400004587},
{"learn":[0.2994091018],"iteration":164,"passed_time":6.410489482,"remaining_time":1.359800799},
{"learn":[0.2993838344],"iteration":165,"passed_time":6.440082579,"remaining_time":1.319053058},
{"learn":[0.2993624893],"iteration":166,"passed_time":6.466298554,"remaining_time":1.27777157},
{"learn":[0.2993360762],"iteration":167,"passed_time":6.493217852,"remaining_time":1.2368034},
{"learn":[0.2993004414],"iteration":168,"passed_time":6.523934481,"remaining_time":1.196698041},
{"learn":[0.2992651442],"iteration":169,"passed_time":6.555632245,"remaining_time":1.156876279},
{"learn":[0.2992475075],"iteration":170,"passed_time":6.584962098,"remaining_time":1.116747958},
{"learn":[0.2992216856],"iteration":171,"passed_time":6.612223065,"remaining_time":1.076408406},
{"learn":[0.2991850617],"iteration":172,"passed_time":6.640087423,"remaining_time":1.036314222},
{"learn":[0.2991487366],"iteration":173,"passed_time":6.668322171,"remaining_time":0.9964159565},
{"learn":[0.2991267354],"iteration":174,"passed_time":6.696561157,"remaining_time":0.9566515938},
{"learn":[0.2991008635],"iteration":175,"passed_time":6.723052926,"remaining_time":0.9167799445},
{"learn":[0.2990498775],"iteration":176,"passed_time":6.749477555,"remaining_time":0.8770507557},
{"learn":[0.2990055805],"iteration":177,"passed_time":6.774857629,"remaining_time":0.8373419541},
{"learn":[0.2989684652],"iteration":178,"passed_time":6.801059666,"remaining_time":0.7978896815},
{"learn":[0.2989371412],"iteration":179,"passed_time":6.826619342,"remaining_time":0.7585132602},
{"learn":[0.2989069969],"iteration":180,"passed_time":6.85269997,"remaining_time":0.7193441957},
{"learn":[0.2988766211],"iteration":181,"pass,
{"learn":[0.2970438196],"iteration":181,"passed_t,
{"learn":[0.2988466529],"iteration":182,"pass,
{"learn":[0.297020637],"iteration":182,"passed_ti,
{"learn":[0.2988123867],"iteration":183,"pas,
{"learn":[0.2970052216],"iteration":183,"passed_ti,
{"learn":[0.2987807467],"iteration":184,"pas,
{"learn":[0.296982566],"iteration":184,"passed_t,
{"learn":[0.2987592495],"iteration":185,"pass,
{"learn":[0.2969577383],"iteration":185,"passed_t,
{"learn":[0.2987272928],"iteration":186,"pas,
{"learn":[0.2969276287],"iteration":186,"passed_t,
{"learn":[0.2986990507],"iteration":187,"pass,
{"learn":[0.2968979006],"iteration":187,"passed_time":5.493534751,"remaining_time":0.3506511543},
{"learn":[0.29687039],"iteration":188,"passed_time":5.52033863,"remaining_time":0.3212895499},
{"learn":[0.2968495295],"iteration":189,"passed_time":5.545448873,"remaining_time":0.2918657301},
{"learn":[0.2968144859],"iteration":190,"passed_time":5.56381693,"remaining_time":0.2621693841},
{"learn":[0.2967787688],"iteration":191,"passed_time":5.583651484,"remaining_time":0.2326521452},
{"learn":[0.2967472078],"iteration":192,"passed_time":5.603484583,"remaining_time":0.2032351921},
{"learn":[0.2967160928],"iteration":193,"passed_time":5.626791061,"remaining_time":0.1740244658},
{"learn":[0.2966717554],"iteration":194,"passed_time":5.646453896,"remaining_time":0.1447808691},
{"learn":[0.2966344424],"iteration":195,"passed_time":5.663367634,"remaining_time":0.1155789313},
{"learn":[0.2966039121],"iteration":196,"passed_time":5.683614144,"remaining_time":0.08655249966},
{"learn":[0.2965657883],"iteration":197,"passed_time":5.699543563,"remaining_time":0.0575711471},
{"learn":[0.2965327104],"iteration":198,"passed_time":5.713169143,"remaining_time":0.02870939268},
{"learn":[0.296495124],"iteration":199,"passed_time":5.722933754,"remaining_time":0}
]}ining_time":0}
]}